,0,1,2,3,4,5,6,7,8,9,10,11,12,13,14,15,16,17,18,19,20,21,22,23,24,25,26,27,28,29,30,31
0,Avenatti,Biden,Bloomberg,Booker,Brown,Buttigieg,Castro,Clinton,Cruz,Cuban,Cuomo,DJohnson,Gabbard,Gillibrand,Gowdy,Harris,I_Trump,Kaine,Kasich,Klobuchar,ORourke,Obama,Other,Pence,Rubio,Ryan,Sanders,Trump,Warren,Winfrey,Yang,Zuckerberg
1,Avenatti,Biden,Bloomberg,Booker,Brown,Buttigieg,Castro,Clinton,Cruz,Cuban,Cuomo,DJohnson,Gabbard,Gillibrand,Gowdy,Harris,I_Trump,Kaine,Kasich,Klobuchar,ORourke,Obama,Other,Pence,Rubio,Ryan,Sanders,Trump,Warren,Winfrey,Yang,Zuckerberg
2,Avenatti,Biden,Bloomberg,Booker,Brown,Buttigieg,Castro,Clinton,Cruz,Cuban,Cuomo,DJohnson,Gabbard,Gillibrand,Gowdy,Harris,I_Trump,Kaine,Kasich,Klobuchar,ORourke,Obama,Other,Pence,Rubio,Ryan,Sanders,Trump,Warren,Winfrey,Yang,Zuckerberg
3,Avenatti,Biden,Bloomberg,Booker,Brown,Buttigieg,Castro,Clinton,Cruz,Cuban,Cuomo,DJohnson,Gabbard,Gillibrand,Gowdy,Harris,I_Trump,Kaine,Kasich,Klobuchar,ORourke,Obama,Other,Pence,Rubio,Ryan,Sanders,Trump,Warren,Winfrey,Yang,Zuckerberg
4,Avenatti,Biden,Bloomberg,Booker,Brown,Buttigieg,Castro,Clinton,Cruz,Cuban,Cuomo,DJohnson,Gabbard,Gillibrand,Gowdy,Harris,I_Trump,Kaine,Kasich,Klobuchar,ORourke,Obama,Other,Pence,Rubio,Ryan,Sanders,Trump,Warren,Winfrey,Yang,Zuckerberg
5,Avenatti,Biden,Bloomberg,Booker,Brown,Buttigieg,Castro,Clinton,Cruz,Cuban,Cuomo,DJohnson,Gabbard,Gillibrand,Gowdy,Harris,I_Trump,Kaine,Kasich,Klobuchar,ORourke,Obama,Other,Pence,Rubio,Ryan,Sanders,Trump,Warren,Winfrey,Yang,Zuckerberg
6,Avenatti,Biden,Bloomberg,Booker,Brown,Buttigieg,Castro,Clinton,Cruz,Cuban,Cuomo,DJohnson,Gabbard,Gillibrand,Gowdy,Harris,I_Trump,Kaine,Kasich,Klobuchar,ORourke,Obama,Other,Pence,Rubio,Ryan,Sanders,Trump,Warren,Winfrey,Yang,Zuckerberg
7,Avenatti,Biden,Bloomberg,Booker,Brown,Buttigieg,Castro,Clinton,Cruz,Cuban,Cuomo,DJohnson,Gabbard,Gillibrand,Gowdy,Harris,I_Trump,Kaine,Kasich,Klobuchar,ORourke,Obama,Other,Pence,Rubio,Ryan,Sanders,Trump,Warren,Winfrey,Yang,Zuckerberg
8,Avenatti,Biden,Bloomberg,Booker,Brown,Buttigieg,Castro,Clinton,Cruz,Cuban,Cuomo,DJohnson,Gabbard,Gillibrand,Gowdy,Harris,I_Trump,Kaine,Kasich,Klobuchar,ORourke,Obama,Other,Pence,Rubio,Ryan,Sanders,Trump,Warren,Winfrey,Yang,Zuckerberg
9,Avenatti,Biden,Bloomberg,Booker,Brown,Buttigieg,Castro,Clinton,Cruz,Cuban,Cuomo,DJohnson,Gabbard,Gillibrand,Gowdy,Harris,I_Trump,Kaine,Kasich,Klobuchar,ORourke,Obama,Other,Pence,Rubio,Ryan,Sanders,Trump,Warren,Winfrey,Yang,Zuckerberg
10,Avenatti,Biden,Bloomberg,Booker,Brown,Buttigieg,Castro,Clinton,Cruz,Cuban,Cuomo,DJohnson,Gabbard,Gillibrand,Gowdy,Harris,I_Trump,Kaine,Kasich,Klobuchar,ORourke,Obama,Other,Pence,Rubio,Ryan,Sanders,Trump,Warren,Winfrey,Yang,Zuckerberg
11,Avenatti,Biden,Bloomberg,Booker,Brown,Buttigieg,Castro,Clinton,Cruz,Cuban,Cuomo,DJohnson,Gabbard,Gillibrand,Gowdy,Harris,I_Trump,Kaine,Kasich,Klobuchar,ORourke,Obama,Other,Pence,Rubio,Ryan,Sanders,Trump,Warren,Winfrey,Yang,Zuckerberg
12,Avenatti,Biden,Bloomberg,Booker,Brown,Buttigieg,Castro,Clinton,Cruz,Cuban,Cuomo,DJohnson,Gabbard,Gillibrand,Gowdy,Harris,I_Trump,Kaine,Kasich,Klobuchar,ORourke,Obama,Other,Pence,Rubio,Ryan,Sanders,Trump,Warren,Winfrey,Yang,Zuckerberg
13,Avenatti,Biden,Bloomberg,Booker,Brown,Buttigieg,Castro,Clinton,Cruz,Cuban,Cuomo,DJohnson,Gabbard,Gillibrand,Gowdy,Harris,I_Trump,Kaine,Kasich,Klobuchar,ORourke,Obama,Other,Pence,Rubio,Ryan,Sanders,Trump,Warren,Winfrey,Yang,Zuckerberg
14,Avenatti,Biden,Bloomberg,Booker,Brown,Buttigieg,Castro,Clinton,Cruz,Cuban,Cuomo,DJohnson,Gabbard,Gillibrand,Gowdy,Harris,I_Trump,Kaine,Kasich,Klobuchar,ORourke,Obama,Other,Pence,Rubio,Ryan,Sanders,Trump,Warren,Winfrey,Yang,Zuckerberg
15,Avenatti,Biden,Bloomberg,Booker,Brown,Buttigieg,Castro,Clinton,Cruz,Cuban,Cuomo,DJohnson,Gabbard,Gillibrand,Gowdy,Harris,I_Trump,Kaine,Kasich,Klobuchar,ORourke,Obama,Other,Pence,Rubio,Ryan,Sanders,Trump,Warren,Winfrey,Yang,Zuckerberg
16,Avenatti,Biden,Bloomberg,Booker,Brown,Buttigieg,Castro,Clinton,Cruz,Cuban,Cuomo,DJohnson,Gabbard,Gillibrand,Gowdy,Harris,I_Trump,Kaine,Kasich,Klobuchar,ORourke,Obama,Other,Pence,Rubio,Ryan,Sanders,Trump,Warren,Winfrey,Yang,Zuckerberg
17,Avenatti,Biden,Bloomberg,Booker,Brown,Buttigieg,Castro,Clinton,Cruz,Cuban,Cuomo,DJohnson,Gabbard,Gillibrand,Gowdy,Harris,I_Trump,Kaine,Kasich,Klobuchar,ORourke,Obama,Other,Pence,Rubio,Ryan,Sanders,Trump,Warren,Winfrey,Yang,Zuckerberg
18,Avenatti,Biden,Bloomberg,Booker,Brown,Buttigieg,Castro,Clinton,Cruz,Cuban,Cuomo,DJohnson,Gabbard,Gillibrand,Gowdy,Harris,I_Trump,Kaine,Kasich,Klobuchar,ORourke,Obama,Other,Pence,Rubio,Ryan,Sanders,Trump,Warren,Winfrey,Yang,Zuckerberg
19,Avenatti,Biden,Bloomberg,Booker,Brown,Buttigieg,Castro,Clinton,Cruz,Cuban,Cuomo,DJohnson,Gabbard,Gillibrand,Gowdy,Harris,I_Trump,Kaine,Kasich,Klobuchar,ORourke,Obama,Other,Pence,Rubio,Ryan,Sanders,Trump,Warren,Winfrey,Yang,Zuckerberg
20,Avenatti,Biden,Bloomberg,Booker,Brown,Buttigieg,Castro,Clinton,Cruz,Cuban,Cuomo,DJohnson,Gabbard,Gillibrand,Gowdy,Harris,I_Trump,Kaine,Kasich,Klobuchar,ORourke,Obama,Other,Pence,Rubio,Ryan,Sanders,Trump,Warren,Winfrey,Yang,Zuckerberg
21,Avenatti,Biden,Bloomberg,Booker,Brown,Buttigieg,Castro,Clinton,Cruz,Cuban,Cuomo,DJohnson,Gabbard,Gillibrand,Gowdy,Harris,I_Trump,Kaine,Kasich,Klobuchar,ORourke,Obama,Other,Pence,Rubio,Ryan,Sanders,Trump,Warren,Winfrey,Yang,Zuckerberg
22,Avenatti,Biden,Bloomberg,Booker,Brown,Buttigieg,Castro,Clinton,Cruz,Cuban,Cuomo,DJohnson,Gabbard,Gillibrand,Gowdy,Harris,I_Trump,Kaine,Kasich,Klobuchar,ORourke,Obama,Other,Pence,Rubio,Ryan,Sanders,Trump,Warren,Winfrey,Yang,Zuckerberg
23,Avenatti,Biden,Bloomberg,Booker,Brown,Buttigieg,Castro,Clinton,Cruz,Cuban,Cuomo,DJohnson,Gabbard,Gillibrand,Gowdy,Harris,I_Trump,Kaine,Kasich,Klobuchar,ORourke,Obama,Other,Pence,Rubio,Ryan,Sanders,Trump,Warren,Winfrey,Yang,Zuckerberg
24,Avenatti,Biden,Bloomberg,Booker,Brown,Buttigieg,Castro,Clinton,Cruz,Cuban,Cuomo,DJohnson,Gabbard,Gillibrand,Gowdy,Harris,I_Trump,Kaine,Kasich,Klobuchar,ORourke,Obama,Other,Pence,Rubio,Ryan,Sanders,Trump,Warren,Winfrey,Yang,Zuckerberg
25,Avenatti,Biden,Bloomberg,Booker,Brown,Buttigieg,Castro,Clinton,Cruz,Cuban,Cuomo,DJohnson,Gabbard,Gillibrand,Gowdy,Harris,I_Trump,Kaine,Kasich,Klobuchar,ORourke,Obama,Other,Pence,Rubio,Ryan,Sanders,Trump,Warren,Winfrey,Yang,Zuckerberg
26,Avenatti,Biden,Bloomberg,Booker,Brown,Buttigieg,Castro,Clinton,Cruz,Cuban,Cuomo,DJohnson,Gabbard,Gillibrand,Gowdy,Harris,I_Trump,Kaine,Kasich,Klobuchar,ORourke,Obama,Other,Pence,Rubio,Ryan,Sanders,Trump,Warren,Winfrey,Yang,Zuckerberg
27,Avenatti,Biden,Bloomberg,Booker,Brown,Buttigieg,Castro,Clinton,Cruz,Cuban,Cuomo,DJohnson,Gabbard,Gillibrand,Gowdy,Harris,I_Trump,Kaine,Kasich,Klobuchar,ORourke,Obama,Other,Pence,Rubio,Ryan,Sanders,Trump,Warren,Winfrey,Yang,Zuckerberg
28,Avenatti,Biden,Bloomberg,Booker,Brown,Buttigieg,Castro,Clinton,Cruz,Cuban,Cuomo,DJohnson,Gabbard,Gillibrand,Gowdy,Harris,I_Trump,Kaine,Kasich,Klobuchar,ORourke,Obama,Other,Pence,Rubio,Ryan,Sanders,Trump,Warren,Winfrey,Yang,Zuckerberg
29,Avenatti,Biden,Bloomberg,Booker,Brown,Buttigieg,Castro,Clinton,Cruz,Cuban,Cuomo,DJohnson,Gabbard,Gillibrand,Gowdy,Harris,I_Trump,Kaine,Kasich,Klobuchar,ORourke,Obama,Other,Pence,Rubio,Ryan,Sanders,Trump,Warren,Winfrey,Yang,Zuckerberg
30,Avenatti,Biden,Bloomberg,Booker,Brown,Buttigieg,Castro,Clinton,Cruz,Cuban,Cuomo,DJohnson,Gabbard,Gillibrand,Gowdy,Harris,I_Trump,Kaine,Kasich,Klobuchar,ORourke,Obama,Other,Pence,Rubio,Ryan,Sanders,Trump,Warren,Winfrey,Yang,Zuckerberg
31,Avenatti,Biden,Bloomberg,Booker,Brown,Buttigieg,Castro,Clinton,Cruz,Cuban,Cuomo,DJohnson,Gabbard,Gillibrand,Gowdy,Harris,I_Trump,Kaine,Kasich,Klobuchar,ORourke,Obama,Other,Pence,Rubio,Ryan,Sanders,Trump,Warren,Winfrey,Yang,Zuckerberg
32,Avenatti,Biden,Bloomberg,Booker,Brown,Buttigieg,Castro,Clinton,Cruz,Cuban,Cuomo,DJohnson,Gabbard,Gillibrand,Gowdy,Harris,I_Trump,Kaine,Kasich,Klobuchar,ORourke,Obama,Other,Pence,Rubio,Ryan,Sanders,Trump,Warren,Winfrey,Yang,Zuckerberg
33,Avenatti,Biden,Bloomberg,Booker,Brown,Buttigieg,Castro,Clinton,Cruz,Cuban,Cuomo,DJohnson,Gabbard,Gillibrand,Gowdy,Harris,I_Trump,Kaine,Kasich,Klobuchar,ORourke,Obama,Other,Pence,Rubio,Ryan,Sanders,Trump,Warren,Winfrey,Yang,Zuckerberg
34,Avenatti,Biden,Bloomberg,Booker,Brown,Buttigieg,Castro,Clinton,Cruz,Cuban,Cuomo,DJohnson,Gabbard,Gillibrand,Gowdy,Harris,I_Trump,Kaine,Kasich,Klobuchar,ORourke,Obama,Other,Pence,Rubio,Ryan,Sanders,Trump,Warren,Winfrey,Yang,Zuckerberg
35,Avenatti,Biden,Bloomberg,Booker,Brown,Buttigieg,Castro,Clinton,Cruz,Cuban,Cuomo,DJohnson,Gabbard,Gillibrand,Gowdy,Harris,I_Trump,Kaine,Kasich,Klobuchar,ORourke,Obama,Other,Pence,Rubio,Ryan,Sanders,Trump,Warren,Winfrey,Yang,Zuckerberg
36,Avenatti,Biden,Bloomberg,Booker,Brown,Buttigieg,Castro,Clinton,Cruz,Cuban,Cuomo,DJohnson,Gabbard,Gillibrand,Gowdy,Harris,I_Trump,Kaine,Kasich,Klobuchar,ORourke,Obama,Other,Pence,Rubio,Ryan,Sanders,Trump,Warren,Winfrey,Yang,Zuckerberg
37,Avenatti,Biden,Bloomberg,Booker,Brown,Buttigieg,Castro,Clinton,Cruz,Cuban,Cuomo,DJohnson,Gabbard,Gillibrand,Gowdy,Harris,I_Trump,Kaine,Kasich,Klobuchar,ORourke,Obama,Other,Pence,Rubio,Ryan,Sanders,Trump,Warren,Winfrey,Yang,Zuckerberg
38,Avenatti,Biden,Bloomberg,Booker,Brown,Buttigieg,Castro,Clinton,Cruz,Cuban,Cuomo,DJohnson,Gabbard,Gillibrand,Gowdy,Harris,I_Trump,Kaine,Kasich,Klobuchar,ORourke,Obama,Other,Pence,Rubio,Ryan,Sanders,Trump,Warren,Winfrey,Yang,Zuckerberg
39,Avenatti,Biden,Bloomberg,Booker,Brown,Buttigieg,Castro,Clinton,Cruz,Cuban,Cuomo,DJohnson,Gabbard,Gillibrand,Gowdy,Harris,I_Trump,Kaine,Kasich,Klobuchar,ORourke,Obama,Other,Pence,Rubio,Ryan,Sanders,Trump,Warren,Winfrey,Yang,Zuckerberg
40,Avenatti,Biden,Bloomberg,Booker,Brown,Buttigieg,Castro,Clinton,Cruz,Cuban,Cuomo,DJohnson,Gabbard,Gillibrand,Gowdy,Harris,I_Trump,Kaine,Kasich,Klobuchar,ORourke,Obama,Other,Pence,Rubio,Ryan,Sanders,Trump,Warren,Winfrey,Yang,Zuckerberg
41,Avenatti,Biden,Bloomberg,Booker,Brown,Buttigieg,Castro,Clinton,Cruz,Cuban,Cuomo,DJohnson,Gabbard,Gillibrand,Gowdy,Harris,I_Trump,Kaine,Kasich,Klobuchar,ORourke,Obama,Other,Pence,Rubio,Ryan,Sanders,Trump,Warren,Winfrey,Yang,Zuckerberg
42,Avenatti,Biden,Bloomberg,Booker,Brown,Buttigieg,Castro,Clinton,Cruz,Cuban,Cuomo,DJohnson,Gabbard,Gillibrand,Gowdy,Harris,I_Trump,Kaine,Kasich,Klobuchar,ORourke,Obama,Other,Pence,Rubio,Ryan,Sanders,Trump,Warren,Winfrey,Yang,Zuckerberg
43,Avenatti,Biden,Bloomberg,Booker,Brown,Buttigieg,Castro,Clinton,Cruz,Cuban,Cuomo,DJohnson,Gabbard,Gillibrand,Gowdy,Harris,I_Trump,Kaine,Kasich,Klobuchar,ORourke,Obama,Other,Pence,Rubio,Ryan,Sanders,Trump,Warren,Winfrey,Yang,Zuckerberg
44,Avenatti,Biden,Bloomberg,Booker,Brown,Buttigieg,Castro,Clinton,Cruz,Cuban,Cuomo,DJohnson,Gabbard,Gillibrand,Gowdy,Harris,I_Trump,Kaine,Kasich,Klobuchar,ORourke,Obama,Other,Pence,Rubio,Ryan,Sanders,Trump,Warren,Winfrey,Yang,Zuckerberg
45,Avenatti,Biden,Bloomberg,Booker,Brown,Buttigieg,Castro,Clinton,Cruz,Cuban,Cuomo,DJohnson,Gabbard,Gillibrand,Gowdy,Harris,I_Trump,Kaine,Kasich,Klobuchar,ORourke,Obama,Other,Pence,Rubio,Ryan,Sanders,Trump,Warren,Winfrey,Yang,Zuckerberg
46,Avenatti,Biden,Bloomberg,Booker,Brown,Buttigieg,Castro,Clinton,Cruz,Cuban,Cuomo,DJohnson,Gabbard,Gillibrand,Gowdy,Harris,I_Trump,Kaine,Kasich,Klobuchar,ORourke,Obama,Other,Pence,Rubio,Ryan,Sanders,Trump,Warren,Winfrey,Yang,Zuckerberg
47,Avenatti,Biden,Bloomberg,Booker,Brown,Buttigieg,Castro,Clinton,Cruz,Cuban,Cuomo,DJohnson,Gabbard,Gillibrand,Gowdy,Harris,I_Trump,Kaine,Kasich,Klobuchar,ORourke,Obama,Other,Pence,Rubio,Ryan,Sanders,Trump,Warren,Winfrey,Yang,Zuckerberg
48,Avenatti,Biden,Bloomberg,Booker,Brown,Buttigieg,Castro,Clinton,Cruz,Cuban,Cuomo,DJohnson,Gabbard,Gillibrand,Gowdy,Harris,I_Trump,Kaine,Kasich,Klobuchar,ORourke,Obama,Other,Pence,Rubio,Ryan,Sanders,Trump,Warren,Winfrey,Yang,Zuckerberg
49,Avenatti,Biden,Bloomberg,Booker,Brown,Buttigieg,Castro,Clinton,Cruz,Cuban,Cuomo,DJohnson,Gabbard,Gillibrand,Gowdy,Harris,I_Trump,Kaine,Kasich,Klobuchar,ORourke,Obama,Other,Pence,Rubio,Ryan,Sanders,Trump,Warren,Winfrey,Yang,Zuckerberg
50,Avenatti,Biden,Bloomberg,Booker,Brown,Buttigieg,Castro,Clinton,Cruz,Cuban,Cuomo,DJohnson,Gabbard,Gillibrand,Gowdy,Harris,I_Trump,Kaine,Kasich,Klobuchar,ORourke,Obama,Other,Pence,Rubio,Ryan,Sanders,Trump,Warren,Winfrey,Yang,Zuckerberg
51,Avenatti,Biden,Bloomberg,Booker,Brown,Buttigieg,Castro,Clinton,Cruz,Cuban,Cuomo,DJohnson,Gabbard,Gillibrand,Gowdy,Harris,I_Trump,Kaine,Kasich,Klobuchar,ORourke,Obama,Other,Pence,Rubio,Ryan,Sanders,Trump,Warren,Winfrey,Yang,Zuckerberg
52,Avenatti,Biden,Bloomberg,Booker,Brown,Buttigieg,Castro,Clinton,Cruz,Cuban,Cuomo,DJohnson,Gabbard,Gillibrand,Gowdy,Harris,I_Trump,Kaine,Kasich,Klobuchar,ORourke,Obama,Other,Pence,Rubio,Ryan,Sanders,Trump,Warren,Winfrey,Yang,Zuckerberg
53,Avenatti,Biden,Bloomberg,Booker,Brown,Buttigieg,Castro,Clinton,Cruz,Cuban,Cuomo,DJohnson,Gabbard,Gillibrand,Gowdy,Harris,I_Trump,Kaine,Kasich,Klobuchar,ORourke,Obama,Other,Pence,Rubio,Ryan,Sanders,Trump,Warren,Winfrey,Yang,Zuckerberg
54,Avenatti,Biden,Bloomberg,Booker,Brown,Buttigieg,Castro,Clinton,Cruz,Cuban,Cuomo,DJohnson,Gabbard,Gillibrand,Gowdy,Harris,I_Trump,Kaine,Kasich,Klobuchar,ORourke,Obama,Other,Pence,Rubio,Ryan,Sanders,Trump,Warren,Winfrey,Yang,Zuckerberg
55,Avenatti,Biden,Bloomberg,Booker,Brown,Buttigieg,Castro,Clinton,Cruz,Cuban,Cuomo,DJohnson,Gabbard,Gillibrand,Gowdy,Harris,I_Trump,Kaine,Kasich,Klobuchar,ORourke,Obama,Other,Pence,Rubio,Ryan,Sanders,Trump,Warren,Winfrey,Yang,Zuckerberg
56,Avenatti,Biden,Bloomberg,Booker,Brown,Buttigieg,Castro,Clinton,Cruz,Cuban,Cuomo,DJohnson,Gabbard,Gillibrand,Gowdy,Harris,I_Trump,Kaine,Kasich,Klobuchar,ORourke,Obama,Other,Pence,Rubio,Ryan,Sanders,Trump,Warren,Winfrey,Yang,Zuckerberg
57,Avenatti,Biden,Bloomberg,Booker,Brown,Buttigieg,Castro,Clinton,Cruz,Cuban,Cuomo,DJohnson,Gabbard,Gillibrand,Gowdy,Harris,I_Trump,Kaine,Kasich,Klobuchar,ORourke,Obama,Other,Pence,Rubio,Ryan,Sanders,Trump,Warren,Winfrey,Yang,Zuckerberg
58,Avenatti,Biden,Bloomberg,Booker,Brown,Buttigieg,Castro,Clinton,Cruz,Cuban,Cuomo,DJohnson,Gabbard,Gillibrand,Gowdy,Harris,I_Trump,Kaine,Kasich,Klobuchar,ORourke,Obama,Other,Pence,Rubio,Ryan,Sanders,Trump,Warren,Winfrey,Yang,Zuckerberg
59,Avenatti,Biden,Bloomberg,Booker,Brown,Buttigieg,Castro,Clinton,Cruz,Cuban,Cuomo,DJohnson,Gabbard,Gillibrand,Gowdy,Harris,I_Trump,Kaine,Kasich,Klobuchar,ORourke,Obama,Other,Pence,Rubio,Ryan,Sanders,Trump,Warren,Winfrey,Yang,Zuckerberg
60,Avenatti,Biden,Bloomberg,Booker,Brown,Buttigieg,Castro,Clinton,Cruz,Cuban,Cuomo,DJohnson,Gabbard,Gillibrand,Gowdy,Harris,I_Trump,Kaine,Kasich,Klobuchar,ORourke,Obama,Other,Pence,Rubio,Ryan,Sanders,Trump,Warren,Winfrey,Yang,Zuckerberg
61,Avenatti,Biden,Bloomberg,Booker,Brown,Buttigieg,Castro,Clinton,Cruz,Cuban,Cuomo,DJohnson,Gabbard,Gillibrand,Gowdy,Harris,I_Trump,Kaine,Kasich,Klobuchar,ORourke,Obama,Other,Pence,Rubio,Ryan,Sanders,Trump,Warren,Winfrey,Yang,Zuckerberg
62,Avenatti,Biden,Bloomberg,Booker,Brown,Buttigieg,Castro,Clinton,Cruz,Cuban,Cuomo,DJohnson,Gabbard,Gillibrand,Gowdy,Harris,I_Trump,Kaine,Kasich,Klobuchar,ORourke,Obama,Other,Pence,Rubio,Ryan,Sanders,Trump,Warren,Winfrey,Yang,Zuckerberg
63,Avenatti,Biden,Bloomberg,Booker,Brown,Buttigieg,Castro,Clinton,Cruz,Cuban,Cuomo,DJohnson,Gabbard,Gillibrand,Gowdy,Harris,I_Trump,Kaine,Kasich,Klobuchar,ORourke,Obama,Other,Pence,Rubio,Ryan,Sanders,Trump,Warren,Winfrey,Yang,Zuckerberg
64,Avenatti,Biden,Bloomberg,Booker,Brown,Buttigieg,Castro,Clinton,Cruz,Cuban,Cuomo,DJohnson,Gabbard,Gillibrand,Gowdy,Harris,I_Trump,Kaine,Kasich,Klobuchar,ORourke,Obama,Other,Pence,Rubio,Ryan,Sanders,Trump,Warren,Winfrey,Yang,Zuckerberg
65,Avenatti,Biden,Bloomberg,Booker,Brown,Buttigieg,Castro,Clinton,Cruz,Cuban,Cuomo,DJohnson,Gabbard,Gillibrand,Gowdy,Harris,I_Trump,Kaine,Kasich,Klobuchar,ORourke,Obama,Other,Pence,Rubio,Ryan,Sanders,Trump,Warren,Winfrey,Yang,Zuckerberg
66,Avenatti,Biden,Bloomberg,Booker,Brown,Buttigieg,Castro,Clinton,Cruz,Cuban,Cuomo,DJohnson,Gabbard,Gillibrand,Gowdy,Harris,I_Trump,Kaine,Kasich,Klobuchar,ORourke,Obama,Other,Pence,Rubio,Ryan,Sanders,Trump,Warren,Winfrey,Yang,Zuckerberg
67,Avenatti,Biden,Bloomberg,Booker,Brown,Buttigieg,Castro,Clinton,Cruz,Cuban,Cuomo,DJohnson,Gabbard,Gillibrand,Gowdy,Harris,I_Trump,Kaine,Kasich,Klobuchar,ORourke,Obama,Other,Pence,Rubio,Ryan,Sanders,Trump,Warren,Winfrey,Yang,Zuckerberg
68,Avenatti,Biden,Bloomberg,Booker,Brown,Buttigieg,Castro,Clinton,Cruz,Cuban,Cuomo,DJohnson,Gabbard,Gillibrand,Gowdy,Harris,I_Trump,Kaine,Kasich,Klobuchar,ORourke,Obama,Other,Pence,Rubio,Ryan,Sanders,Trump,Warren,Winfrey,Yang,Zuckerberg
69,Avenatti,Biden,Bloomberg,Booker,Brown,Buttigieg,Castro,Clinton,Cruz,Cuban,Cuomo,DJohnson,Gabbard,Gillibrand,Gowdy,Harris,I_Trump,Kaine,Kasich,Klobuchar,ORourke,Obama,Other,Pence,Rubio,Ryan,Sanders,Trump,Warren,Winfrey,Yang,Zuckerberg
70,Avenatti,Biden,Bloomberg,Booker,Brown,Buttigieg,Castro,Clinton,Cruz,Cuban,Cuomo,DJohnson,Gabbard,Gillibrand,Gowdy,Harris,I_Trump,Kaine,Kasich,Klobuchar,ORourke,Obama,Other,Pence,Rubio,Ryan,Sanders,Trump,Warren,Winfrey,Yang,Zuckerberg
71,Avenatti,Biden,Bloomberg,Booker,Brown,Buttigieg,Castro,Clinton,Cruz,Cuban,Cuomo,DJohnson,Gabbard,Gillibrand,Gowdy,Harris,I_Trump,Kaine,Kasich,Klobuchar,ORourke,Obama,Other,Pence,Rubio,Ryan,Sanders,Trump,Warren,Winfrey,Yang,Zuckerberg
72,Avenatti,Biden,Bloomberg,Booker,Brown,Buttigieg,Castro,Clinton,Cruz,Cuban,Cuomo,DJohnson,Gabbard,Gillibrand,Gowdy,Harris,I_Trump,Kaine,Kasich,Klobuchar,ORourke,Obama,Other,Pence,Rubio,Ryan,Sanders,Trump,Warren,Winfrey,Yang,Zuckerberg
73,Avenatti,Biden,Bloomberg,Booker,Brown,Buttigieg,Castro,Clinton,Cruz,Cuban,Cuomo,DJohnson,Gabbard,Gillibrand,Gowdy,Harris,I_Trump,Kaine,Kasich,Klobuchar,ORourke,Obama,Other,Pence,Rubio,Ryan,Sanders,Trump,Warren,Winfrey,Yang,Zuckerberg
74,Avenatti,Biden,Bloomberg,Booker,Brown,Buttigieg,Castro,Clinton,Cruz,Cuban,Cuomo,DJohnson,Gabbard,Gillibrand,Gowdy,Harris,I_Trump,Kaine,Kasich,Klobuchar,ORourke,Obama,Other,Pence,Rubio,Ryan,Sanders,Trump,Warren,Winfrey,Yang,Zuckerberg
75,Avenatti,Biden,Bloomberg,Booker,Brown,Buttigieg,Castro,Clinton,Cruz,Cuban,Cuomo,DJohnson,Gabbard,Gillibrand,Gowdy,Harris,I_Trump,Kaine,Kasich,Klobuchar,ORourke,Obama,Other,Pence,Rubio,Ryan,Sanders,Trump,Warren,Winfrey,Yang,Zuckerberg
76,Avenatti,Biden,Bloomberg,Booker,Brown,Buttigieg,Castro,Clinton,Cruz,Cuban,Cuomo,DJohnson,Gabbard,Gillibrand,Gowdy,Harris,I_Trump,Kaine,Kasich,Klobuchar,ORourke,Obama,Other,Pence,Rubio,Ryan,Sanders,Trump,Warren,Winfrey,Yang,Zuckerberg
77,Avenatti,Biden,Bloomberg,Booker,Brown,Buttigieg,Castro,Clinton,Cruz,Cuban,Cuomo,DJohnson,Gabbard,Gillibrand,Gowdy,Harris,I_Trump,Kaine,Kasich,Klobuchar,ORourke,Obama,Other,Pence,Rubio,Ryan,Sanders,Trump,Warren,Winfrey,Yang,Zuckerberg
78,Avenatti,Biden,Bloomberg,Booker,Brown,Buttigieg,Castro,Clinton,Cruz,Cuban,Cuomo,DJohnson,Gabbard,Gillibrand,Gowdy,Harris,I_Trump,Kaine,Kasich,Klobuchar,ORourke,Obama,Other,Pence,Rubio,Ryan,Sanders,Trump,Warren,Winfrey,Yang,Zuckerberg
79,Avenatti,Biden,Bloomberg,Booker,Brown,Buttigieg,Castro,Clinton,Cruz,Cuban,Cuomo,DJohnson,Gabbard,Gillibrand,Gowdy,Harris,I_Trump,Kaine,Kasich,Klobuchar,ORourke,Obama,Other,Pence,Rubio,Ryan,Sanders,Trump,Warren,Winfrey,Yang,Zuckerberg
80,Avenatti,Biden,Bloomberg,Booker,Brown,Buttigieg,Castro,Clinton,Cruz,Cuban,Cuomo,DJohnson,Gabbard,Gillibrand,Gowdy,Harris,I_Trump,Kaine,Kasich,Klobuchar,ORourke,Obama,Other,Pence,Rubio,Ryan,Sanders,Trump,Warren,Winfrey,Yang,Zuckerberg
81,Avenatti,Biden,Bloomberg,Booker,Brown,Buttigieg,Castro,Clinton,Cruz,Cuban,Cuomo,DJohnson,Gabbard,Gillibrand,Gowdy,Harris,I_Trump,Kaine,Kasich,Klobuchar,ORourke,Obama,Other,Pence,Rubio,Ryan,Sanders,Trump,Warren,Winfrey,Yang,Zuckerberg
82,Avenatti,Biden,Bloomberg,Booker,Brown,Buttigieg,Castro,Clinton,Cruz,Cuban,Cuomo,DJohnson,Gabbard,Gillibrand,Gowdy,Harris,I_Trump,Kaine,Kasich,Klobuchar,ORourke,Obama,Other,Pence,Rubio,Ryan,Sanders,Trump,Warren,Winfrey,Yang,Zuckerberg
83,Avenatti,Biden,Bloomberg,Booker,Brown,Buttigieg,Castro,Clinton,Cruz,Cuban,Cuomo,DJohnson,Gabbard,Gillibrand,Gowdy,Harris,I_Trump,Kaine,Kasich,Klobuchar,ORourke,Obama,Other,Pence,Rubio,Ryan,Sanders,Trump,Warren,Winfrey,Yang,Zuckerberg
84,Avenatti,Biden,Bloomberg,Booker,Brown,Buttigieg,Castro,Clinton,Cruz,Cuban,Cuomo,DJohnson,Gabbard,Gillibrand,Gowdy,Harris,I_Trump,Kaine,Kasich,Klobuchar,ORourke,Obama,Other,Pence,Rubio,Ryan,Sanders,Trump,Warren,Winfrey,Yang,Zuckerberg
85,Avenatti,Biden,Bloomberg,Booker,Brown,Buttigieg,Castro,Clinton,Cruz,Cuban,Cuomo,DJohnson,Gabbard,Gillibrand,Gowdy,Harris,I_Trump,Kaine,Kasich,Klobuchar,ORourke,Obama,Other,Pence,Rubio,Ryan,Sanders,Trump,Warren,Winfrey,Yang,Zuckerberg
86,Avenatti,Biden,Bloomberg,Booker,Brown,Buttigieg,Castro,Clinton,Cruz,Cuban,Cuomo,DJohnson,Gabbard,Gillibrand,Gowdy,Harris,I_Trump,Kaine,Kasich,Klobuchar,ORourke,Obama,Other,Pence,Rubio,Ryan,Sanders,Trump,Warren,Winfrey,Yang,Zuckerberg
87,Avenatti,Biden,Bloomberg,Booker,Brown,Buttigieg,Castro,Clinton,Cruz,Cuban,Cuomo,DJohnson,Gabbard,Gillibrand,Gowdy,Harris,I_Trump,Kaine,Kasich,Klobuchar,ORourke,Obama,Other,Pence,Rubio,Ryan,Sanders,Trump,Warren,Winfrey,Yang,Zuckerberg
88,Avenatti,Biden,Bloomberg,Booker,Brown,Buttigieg,Castro,Clinton,Cruz,Cuban,Cuomo,DJohnson,Gabbard,Gillibrand,Gowdy,Harris,I_Trump,Kaine,Kasich,Klobuchar,ORourke,Obama,Other,Pence,Rubio,Ryan,Sanders,Trump,Warren,Winfrey,Yang,Zuckerberg
89,Avenatti,Biden,Bloomberg,Booker,Brown,Buttigieg,Castro,Clinton,Cruz,Cuban,Cuomo,DJohnson,Gabbard,Gillibrand,Gowdy,Harris,I_Trump,Kaine,Kasich,Klobuchar,ORourke,Obama,Other,Pence,Rubio,Ryan,Sanders,Trump,Warren,Winfrey,Yang,Zuckerberg
90,Avenatti,Biden,Bloomberg,Booker,Brown,Buttigieg,Castro,Clinton,Cruz,Cuban,Cuomo,DJohnson,Gabbard,Gillibrand,Gowdy,Harris,I_Trump,Kaine,Kasich,Klobuchar,ORourke,Obama,Other,Pence,Rubio,Ryan,Sanders,Trump,Warren,Winfrey,Yang,Zuckerberg
91,Avenatti,Biden,Bloomberg,Booker,Brown,Buttigieg,Castro,Clinton,Cruz,Cuban,Cuomo,DJohnson,Gabbard,Gillibrand,Gowdy,Harris,I_Trump,Kaine,Kasich,Klobuchar,ORourke,Obama,Other,Pence,Rubio,Ryan,Sanders,Trump,Warren,Winfrey,Yang,Zuckerberg
92,Avenatti,Biden,Bloomberg,Booker,Brown,Buttigieg,Castro,Clinton,Cruz,Cuban,Cuomo,DJohnson,Gabbard,Gillibrand,Gowdy,Harris,I_Trump,Kaine,Kasich,Klobuchar,ORourke,Obama,Other,Pence,Rubio,Ryan,Sanders,Trump,Warren,Winfrey,Yang,Zuckerberg
93,Avenatti,Biden,Bloomberg,Booker,Brown,Buttigieg,Castro,Clinton,Cruz,Cuban,Cuomo,DJohnson,Gabbard,Gillibrand,Gowdy,Harris,I_Trump,Kaine,Kasich,Klobuchar,ORourke,Obama,Other,Pence,Rubio,Ryan,Sanders,Trump,Warren,Winfrey,Yang,Zuckerberg
94,Avenatti,Biden,Bloomberg,Booker,Brown,Buttigieg,Castro,Clinton,Cruz,Cuban,Cuomo,DJohnson,Gabbard,Gillibrand,Gowdy,Harris,I_Trump,Kaine,Kasich,Klobuchar,ORourke,Obama,Other,Pence,Rubio,Ryan,Sanders,Trump,Warren,Winfrey,Yang,Zuckerberg
95,Avenatti,Biden,Bloomberg,Booker,Brown,Buttigieg,Castro,Clinton,Cruz,Cuban,Cuomo,DJohnson,Gabbard,Gillibrand,Gowdy,Harris,I_Trump,Kaine,Kasich,Klobuchar,ORourke,Obama,Other,Pence,Rubio,Ryan,Sanders,Trump,Warren,Winfrey,Yang,Zuckerberg
96,Avenatti,Biden,Bloomberg,Booker,Brown,Buttigieg,Castro,Clinton,Cruz,Cuban,Cuomo,DJohnson,Gabbard,Gillibrand,Gowdy,Harris,I_Trump,Kaine,Kasich,Klobuchar,ORourke,Obama,Other,Pence,Rubio,Ryan,Sanders,Trump,Warren,Winfrey,Yang,Zuckerberg
97,Avenatti,Biden,Bloomberg,Booker,Brown,Buttigieg,Castro,Clinton,Cruz,Cuban,Cuomo,DJohnson,Gabbard,Gillibrand,Gowdy,Harris,I_Trump,Kaine,Kasich,Klobuchar,ORourke,Obama,Other,Pence,Rubio,Ryan,Sanders,Trump,Warren,Winfrey,Yang,Zuckerberg
98,Avenatti,Biden,Bloomberg,Booker,Brown,Buttigieg,Castro,Clinton,Cruz,Cuban,Cuomo,DJohnson,Gabbard,Gillibrand,Gowdy,Harris,I_Trump,Kaine,Kasich,Klobuchar,ORourke,Obama,Other,Pence,Rubio,Ryan,Sanders,Trump,Warren,Winfrey,Yang,Zuckerberg
99,Avenatti,Biden,Bloomberg,Booker,Brown,Buttigieg,Castro,Clinton,Cruz,Cuban,Cuomo,DJohnson,Gabbard,Gillibrand,Gowdy,Harris,I_Trump,Kaine,Kasich,Klobuchar,ORourke,Obama,Other,Pence,Rubio,Ryan,Sanders,Trump,Warren,Winfrey,Yang,Zuckerberg
100,Avenatti,Biden,Bloomberg,Booker,Brown,Buttigieg,Castro,Clinton,Cruz,Cuban,Cuomo,DJohnson,Gabbard,Gillibrand,Gowdy,Harris,I_Trump,Kaine,Kasich,Klobuchar,ORourke,Obama,Other,Pence,Rubio,Ryan,Sanders,Trump,Warren,Winfrey,Yang,Zuckerberg
101,Avenatti,Biden,Bloomberg,Booker,Brown,Buttigieg,Castro,Clinton,Cruz,Cuban,Cuomo,DJohnson,Gabbard,Gillibrand,Gowdy,Harris,I_Trump,Kaine,Kasich,Klobuchar,ORourke,Obama,Other,Pence,Rubio,Ryan,Sanders,Trump,Warren,Winfrey,Yang,Zuckerberg
102,Avenatti,Biden,Bloomberg,Booker,Brown,Buttigieg,Castro,Clinton,Cruz,Cuban,Cuomo,DJohnson,Gabbard,Gillibrand,Gowdy,Harris,I_Trump,Kaine,Kasich,Klobuchar,ORourke,Obama,Other,Pence,Rubio,Ryan,Sanders,Trump,Warren,Winfrey,Yang,Zuckerberg
103,Avenatti,Biden,Bloomberg,Booker,Brown,Buttigieg,Castro,Clinton,Cruz,Cuban,Cuomo,DJohnson,Gabbard,Gillibrand,Gowdy,Harris,I_Trump,Kaine,Kasich,Klobuchar,ORourke,Obama,Other,Pence,Rubio,Ryan,Sanders,Trump,Warren,Winfrey,Yang,Zuckerberg
104,Avenatti,Biden,Bloomberg,Booker,Brown,Buttigieg,Castro,Clinton,Cruz,Cuban,Cuomo,DJohnson,Gabbard,Gillibrand,Gowdy,Harris,I_Trump,Kaine,Kasich,Klobuchar,ORourke,Obama,Other,Pence,Rubio,Ryan,Sanders,Trump,Warren,Winfrey,Yang,Zuckerberg
105,Avenatti,Biden,Bloomberg,Booker,Brown,Buttigieg,Castro,Clinton,Cruz,Cuban,Cuomo,DJohnson,Gabbard,Gillibrand,Gowdy,Harris,I_Trump,Kaine,Kasich,Klobuchar,ORourke,Obama,Other,Pence,Rubio,Ryan,Sanders,Trump,Warren,Winfrey,Yang,Zuckerberg
106,Avenatti,Biden,Bloomberg,Booker,Brown,Buttigieg,Castro,Clinton,Cruz,Cuban,Cuomo,DJohnson,Gabbard,Gillibrand,Gowdy,Harris,I_Trump,Kaine,Kasich,Klobuchar,ORourke,Obama,Other,Pence,Rubio,Ryan,Sanders,Trump,Warren,Winfrey,Yang,Zuckerberg
107,Avenatti,Biden,Bloomberg,Booker,Brown,Buttigieg,Castro,Clinton,Cruz,Cuban,Cuomo,DJohnson,Gabbard,Gillibrand,Gowdy,Harris,I_Trump,Kaine,Kasich,Klobuchar,ORourke,Obama,Other,Pence,Rubio,Ryan,Sanders,Trump,Warren,Winfrey,Yang,Zuckerberg
108,Avenatti,Biden,Bloomberg,Booker,Brown,Buttigieg,Castro,Clinton,Cruz,Cuban,Cuomo,DJohnson,Gabbard,Gillibrand,Gowdy,Harris,I_Trump,Kaine,Kasich,Klobuchar,ORourke,Obama,Other,Pence,Rubio,Ryan,Sanders,Trump,Warren,Winfrey,Yang,Zuckerberg
109,Avenatti,Biden,Bloomberg,Booker,Brown,Buttigieg,Castro,Clinton,Cruz,Cuban,Cuomo,DJohnson,Gabbard,Gillibrand,Gowdy,Harris,I_Trump,Kaine,Kasich,Klobuchar,ORourke,Obama,Other,Pence,Rubio,Ryan,Sanders,Trump,Warren,Winfrey,Yang,Zuckerberg
110,Avenatti,Biden,Bloomberg,Booker,Brown,Buttigieg,Castro,Clinton,Cruz,Cuban,Cuomo,DJohnson,Gabbard,Gillibrand,Gowdy,Harris,I_Trump,Kaine,Kasich,Klobuchar,ORourke,Obama,Other,Pence,Rubio,Ryan,Sanders,Trump,Warren,Winfrey,Yang,Zuckerberg
111,Avenatti,Biden,Bloomberg,Booker,Brown,Buttigieg,Castro,Clinton,Cruz,Cuban,Cuomo,DJohnson,Gabbard,Gillibrand,Gowdy,Harris,I_Trump,Kaine,Kasich,Klobuchar,ORourke,Obama,Other,Pence,Rubio,Ryan,Sanders,Trump,Warren,Winfrey,Yang,Zuckerberg
112,Avenatti,Biden,Bloomberg,Booker,Brown,Buttigieg,Castro,Clinton,Cruz,Cuban,Cuomo,DJohnson,Gabbard,Gillibrand,Gowdy,Harris,I_Trump,Kaine,Kasich,Klobuchar,ORourke,Obama,Other,Pence,Rubio,Ryan,Sanders,Trump,Warren,Winfrey,Yang,Zuckerberg
113,Avenatti,Biden,Bloomberg,Booker,Brown,Buttigieg,Castro,Clinton,Cruz,Cuban,Cuomo,DJohnson,Gabbard,Gillibrand,Gowdy,Harris,I_Trump,Kaine,Kasich,Klobuchar,ORourke,Obama,Other,Pence,Rubio,Ryan,Sanders,Trump,Warren,Winfrey,Yang,Zuckerberg
114,Avenatti,Biden,Bloomberg,Booker,Brown,Buttigieg,Castro,Clinton,Cruz,Cuban,Cuomo,DJohnson,Gabbard,Gillibrand,Gowdy,Harris,I_Trump,Kaine,Kasich,Klobuchar,ORourke,Obama,Other,Pence,Rubio,Ryan,Sanders,Trump,Warren,Winfrey,Yang,Zuckerberg
